Handle,Title,Body (HTML),Vendor,Type,Tags,Published,Option1 Name,Option1 Value,Option2 Name,Option2 Value,Option3 Name,Option3 Value,Variant SKU,Variant Grams,Variant Inventory Tracker,Variant Inventory Qty,Variant Inventory Policy,Variant Fulfillment Service,Variant Price,Variant Compare At Price,Variant Requires Shipping,Variant Taxable,Variant Barcode,Image Src,Image Position,Image Alt Text,Gift Card,SEO Title,SEO Description,Variant Image,Variant Weight Unit,Variant Tax Code,Cost per item,Status
thoson-magtrack™,Thoson MagTrack™,"<p>The train set kids engineer themselves. MagTrack's modular magnetic tracks snap together into loops, bridges and brand-new routes. Then the motorized train takes the maiden run.</p><p>Design, test, fix, rebuild: every layout is a small engineering project that builds spatial reasoning and planning through hands-on STEM play. USB-rechargeable train, no screens anywhere.</p><p>Includes the motorized train and expandable magnetic track pieces. Recommended for ages 3 and up.</p>",Thoson,Magnetic Train Track Set,"Best Sellers, Big Kids Ages 5+, Preschool Toys Ages 3-5",TRUE,Version,Rookie,,,,,MAGTRACK-32,0,shopify,100,continue,manual,69.00,139.00,TRUE,TRUE,,https://cdn.shopify.com/s/files/1/0916/9852/8593/files/MagTrack.webp?v=1763487546,1,,FALSE,Thoson MagTrack™,"The train set kids engineer themselves. MagTrack's modular magnetic tracks snap together into loops, bridges and brand-new routes. Then the motoriz",,g,,,active
thoson-magtrack™,,,,,,,Version,PRO,,,,,MAGTRACK-68,0,shopify,100,continue,manual,119.00,169.00,TRUE,TRUE,,https://cdn.shopify.com/s/files/1/0916/9852/8593/files/thoson-magtrack-03.png?v=1789972736,2,,,,,,g,,,
thoson-magtrack™,,,,,,,Version,Master,,,,,MAGTRACK-141,0,shopify,100,continue,manual,159.00,299.00,TRUE,TRUE,,https://cdn.shopify.com/s/files/1/0916/9852/8593/files/thoson-magtrack-01.png?v=1789972717,3,,,,,,g,,,
thoson-magtrack™,,,,,,,,,,,,,,,,,,,,,,,,https://cdn.shopify.com/s/files/1/0916/9852/8593/files/thoson-magtrack-05.png?v=1789972736,4,,,,,,,,,
thoson-magtrack™,,,,,,,,,,,,,,,,,,,,,,,,https://cdn.shopify.com/s/files/1/0916/9852/8593/files/thoson-magtrack-04.png?v=1789972736,5,,,,,,,,,
thoson-magtrack™,,,,,,,,,,,,,,,,,,,,,,,,https://cdn.shopify.com/s/files/1/0916/9852/8593/files/thoson-magtrack-02.png?v=1789972736,6,,,,,,,,,
thoson-magtrack™,,,,,,,,,,,,,,,,,,,,,,,,https://cdn.shopify.com/s/files/1/0916/9852/8593/files/6a8eaac1-5d40-418f-aa89-b6522654543f_1e60f38e-84d1-4c22-bb85-35158bc9c2a0.webp?v=1775435265,7,,,,,,,,,
thoson-magtrack™,,,,,,,,,,,,,,,,,,,,,,,,https://cdn.shopify.com/s/files/1/0916/9852/8593/files/Untitled_design_1.png?v=1775435140,8,,,,,,,,,
thoson-magtrack™,,,,,,,,,,,,,,,,,,,,,,,,https://cdn.shopify.com/s/files/1/0916/9852/8593/files/863e6c75-e3eb-4fb9-b1f8-edccf374bcbf_70548431-7df3-42d2-bc62-5ba682dceb57.png?v=1775435140,9,,,,,,,,,
thoson-magtrack™,,,,,,,,,,,,,,,,,,,,,,,,https://cdn.shopify.com/s/files/1/0916/9852/8593/files/645c019a-1e70-4b5c-909f-89a4a603312f_61f8f267-23e8-41d0-982d-d0827da0d897.png?v=1775435140,10,,,,,,,,,
thoson-quarry,Thoson Quarry™,"<p>A working quarry, not another parked truck. Kids build the route, load rocks at the loading station, run the conveyor, and send the motorized dump truck hauling its load around the track they designed a complete construction site that actually works, powered by their hands instead of a screen.</p>
<p>The motorized chassis swaps between machines to keep the site running, and the track rebuilds into new layouts, so every session becomes a new job to plan. Loading, hauling and dumping cycles teach cause-and-effect and planning through hands-on, screen-free play.</p>
<p>Includes the motorized dump truck, loading station with working conveyor, rock pieces and a customizable track set. Recommended for builders ages 3 and up.</p>",Thoson,Construction Vehicle Playset,"Best Sellers, Big Kids Ages 5+, Preschool Toys Ages 3-5",TRUE,Title,Default Title,,,,,QUARRY,0,shopify,100,continue,manual,69.00,129.00,TRUE,TRUE,,https://cdn.shopify.com/s/files/1/0916/9852/8593/files/quarry.png?v=1790956616,1,,FALSE,Thoson Quarry™,"A working quarry, not another parked truck. Kids build the route, load rocks at the loading station, run the conveyor, and send the motorized dump ",,g,,,active
thoson-quarry,,,,,,,,,,,,,,,,,,,,,,,,https://cdn.shopify.com/s/files/1/0916/9852/8593/files/hf_20260812_220149_8d58d5ce-cb53-41cc-8d7a-115f17f7de43.png?v=1786572585,2,,,,,,,,,
thoson-quarry,,,,,,,,,,,,,,,,,,,,,,,,https://cdn.shopify.com/s/files/1/0916/9852/8593/files/thoson-quarry-01.png?v=1789972779,3,,,,,,,,,
thoson-quarry,,,,,,,,,,,,,,,,,,,,,,,,https://cdn.shopify.com/s/files/1/0916/9852/8593/files/472f152612a148aa9f26bd6b75b4b4c9.jpg?v=1786572553,4,,,,,,,,,
thoson-quarry,,,,,,,,,,,,,,,,,,,,,,,,https://cdn.shopify.com/s/files/1/0916/9852/8593/files/d2da79d4cec64463a177b307e2bb7cbf.jpg?v=1786572552,5,,,,,,,,,
thoson-quarry,,,,,,,,,,,,,,,,,,,,,,,,https://cdn.shopify.com/s/files/1/0916/9852/8593/files/402c563119a049a7b06933ed1b3f9ce6.jpg?v=1786572552,6,,,,,,,,,
thoson-quarry,,,,,,,,,,,,,,,,,,,,,,,,https://cdn.shopify.com/s/files/1/0916/9852/8593/files/709beeddfd614050a546c46ecad75cde.jpg?v=1786572551,7,,,,,,,,,
thoson-quarry,,,,,,,,,,,,,,,,,,,,,,,,https://cdn.shopify.com/s/files/1/0916/9852/8593/files/hf_20260812_220833_8f16fbd6-3a14-4c95-9bcf-e1cfcfc22cd3.png?v=1786572615,8,,,,,,,,,
thoson-lingo,Thoson Lingo™,"<p>Forty little books, one big milestone: reading on their own. Lingo is a set of 40 Read &amp; Rhyme phonics flip books where kids physically flip letters to build words.</p><p>Word families, CVC words, short and long vowels, Magic E, digraphs and blends: every flip is hands-on phonics practice that turns sounding-out into a game.</p><p>Includes all 40 phonics flip books. Recommended for early readers ages 3 and up.</p>",Thoson,Phonics Learning Set,"Best Sellers, Big Kids Ages 5+, Preschool Toys Ages 3-5",TRUE,Title,Default Title,,,,,LINGO,0,shopify,100,continue,manual,69.00,129.00,TRUE,TRUE,,https://cdn.shopify.com/s/files/1/0916/9852/8593/files/hf_20260321_142758_6ba6d13e-bfc0-4876-8f19-1f53cdb76da3.png?v=1774103383,1,,FALSE,Thoson Lingo™,"Forty little books, one big milestone: reading on their own. Lingo is a set of 40 Read &amp; Rhyme phonics flip books where kids physically flip le",,g,,,active
thoson-lingo,,,,,,,,,,,,,,,,,,,,,,,,https://cdn.shopify.com/s/files/1/0916/9852/8593/files/thoson-lingo-02.png?v=1789972717,2,,,,,,,,,
thoson-lingo,,,,,,,,,,,,,,,,,,,,,,,,https://cdn.shopify.com/s/files/1/0916/9852/8593/files/thoson-lingo-03.png?v=1789972717,3,,,,,,,,,
thoson-lingo,,,,,,,,,,,,,,,,,,,,,,,,https://cdn.shopify.com/s/files/1/0916/9852/8593/files/thoson-lingo-01.jpg?v=1789972697,4,,,,,,,,,
thoson-spark-™,Thoson Spark™,"<p>Their first circuit, their first ""it works!"" Spark is an electronic logic board where kids snap in function modules to solve real puzzles with real electricity.</p><p>With 5 function modules and 500+ puzzle combinations, challenges scale from first connections at age 5 to genuine logic problems at age 10, teaching circuits, sequencing and problem-solving as kids grow. USB rechargeable and fully screen-free.</p><p>Includes the Spark logic board and 5 snap-in modules. Recommended for ages 5–10.</p>",Thoson,Electronic Logic Game,"Best Sellers, Big Kids Ages 5+",TRUE,Title,Default Title,,,,,SPARK,0,shopify,100,continue,manual,99.00,169.00,TRUE,TRUE,,https://cdn.shopify.com/s/files/1/0916/9852/8593/files/hf_20260306_170829_172d8ce4-7fd0-4f87-bb86-3832cc7866e9.jpg?v=1772816992,1,,FALSE,Thoson Spark™,"Their first circuit, their first ""it works!"" Spark is an electronic logic board where kids snap in function modules to solve real puzzles with real",,g,,,active
thoson-spark-™,,,,,,,,,,,,,,,,,,,,,,,,https://cdn.shopify.com/s/files/1/0916/9852/8593/files/thoson-spark-08.png?v=1789972824,2,,,,,,,,,
thoson-spark-™,,,,,,,,,,,,,,,,,,,,,,,,https://cdn.shopify.com/s/files/1/0916/9852/8593/files/thoson-spark-06.jpg?v=1789972824,3,,,,,,,,,
thoson-spark-™,,,,,,,,,,,,,,,,,,,,,,,,https://cdn.shopify.com/s/files/1/0916/9852/8593/files/thoson-spark-07.jpg?v=1789972824,4,,,,,,,,,
thoson-spark-™,,,,,,,,,,,,,,,,,,,,,,,,https://cdn.shopify.com/s/files/1/0916/9852/8593/files/thoson-spark-05.png?v=1789972824,5,,,,,,,,,
thoson-spark-™,,,,,,,,,,,,,,,,,,,,,,,,https://cdn.shopify.com/s/files/1/0916/9852/8593/files/thoson-spark-04.png?v=1789972803,6,,,,,,,,,
thoson-spark-™,,,,,,,,,,,,,,,,,,,,,,,,https://cdn.shopify.com/s/files/1/0916/9852/8593/files/thoson-spark-03.png?v=1789972803,7,,,,,,,,,
thoson-spark-™,,,,,,,,,,,,,,,,,,,,,,,,https://cdn.shopify.com/s/files/1/0916/9852/8593/files/thoson-spark-02.png?v=1789972803,8,,,,,,,,,
thoson-spark-™,,,,,,,,,,,,,,,,,,,,,,,,https://cdn.shopify.com/s/files/1/0916/9852/8593/files/thoson-spark-01.png?v=1789972803,9,,,,,,,,,
thoson-bot-full-pack™,Thoson Bot - Full Pack™,"<p>A little robot that turns ""I can't draw"" into ""look what I made."" Thoson Bot guides kids step by step with a clear, real voice while it draws alongside them. A screen-free kit that blends drawing, early robotics and hands-on STEM play.</p><p>Kids pick a card, load it, and follow along as the Bot brings each drawing to life, building fine motor control and creative confidence with every picture. No apps, no tablets, just making things.</p><p>The Full Pack includes the Thoson Bot, 100 drawing cards and its washable marker set. Recommended for ages 3 and up.</p>",Thoson,Drawing Robot Kit,"Best Sellers, Big Kids Ages 5+, Preschool Toys Ages 3-5",TRUE,Color,Blue,,,,,BLUEBOT,0,shopify,100,continue,manual,89.00,129.00,TRUE,TRUE,,https://cdn.shopify.com/s/files/1/0916/9852/8593/files/1d67404e-bcf6-477f-89f0-cc61486c88f4.png?v=1743026935,1,,FALSE,Thoson Bot - Full Pack™,"A little robot that turns ""I can't draw"" into ""look what I made."" Thoson Bot guides kids step by step with a clear, real voice while it draws along",,g,,,active
thoson-bot-full-pack™,,,,,,,Color,Pink,,,,,PINKBOT,0,shopify,100,continue,manual,89.00,129.00,TRUE,TRUE,,https://cdn.shopify.com/s/files/1/0916/9852/8593/files/thoson-bot-full-pack-02.png?v=1789966331,2,,,,,,g,,,
thoson-bot-full-pack™,,,,,,,,,,,,,,,,,,,,,,,,https://cdn.shopify.com/s/files/1/0916/9852/8593/files/6.webp?v=1776276014,3,,,,,,,,,
thoson-bot-full-pack™,,,,,,,,,,,,,,,,,,,,,,,,https://cdn.shopify.com/s/files/1/0916/9852/8593/files/2d17ed1b-c25b-41c8-b612-436fc15f69bc.png?v=1776276014,4,,,,,,,,,
thoson-bot-full-pack™,,,,,,,,,,,,,,,,,,,,,,,,https://cdn.shopify.com/s/files/1/0916/9852/8593/files/thoson-bot-full-pack-01.png?v=1789972674,5,,,,,,,,,
thoson-microscope-explorer™,Thoson MicroScope Explorer™,"<p>The hidden world, suddenly visible. The MicroScope Explorer gives kids a real look at leaves, bugs, fabric and everything else they can get under the lens.</p><p>Every specimen becomes a question, and every question becomes screen-free science, sized and simplified so young scientists can explore on their own.</p><p>Includes the kids' microscope and exploration accessories. Recommended for ages 5 and up. A back-to-school favorite.</p>",Thoson,Kids Microscope Kit,"Best Sellers, Big Kids Ages 5+",TRUE,Title,Default Title,,,,,MICROSCOPE01,0,shopify,100,continue,manual,69.00,99.00,TRUE,TRUE,,https://cdn.shopify.com/s/files/1/0916/9852/8593/files/hf_20260205_215043_23e2763a-851d-4d12-9455-1dd47e177044.jpg?v=1770329157,1,,FALSE,Thoson MicroScope Explorer™,"The hidden world, suddenly visible. The MicroScope Explorer gives kids a real look at leaves, bugs, fabric and everything else they can get under t",,g,,,active
thoson-microscope-explorer™,,,,,,,,,,,,,,,,,,,,,,,,https://cdn.shopify.com/s/files/1/0916/9852/8593/files/thoson-microscope-explorer-01.png?v=1789972736,2,,,,,,,,,
thoson-microscope-explorer™,,,,,,,,,,,,,,,,,,,,,,,,https://cdn.shopify.com/s/files/1/0916/9852/8593/files/thoson-microscope-explorer-02.png?v=1789972736,3,,,,,,,,,
thoson-microscope-explorer™,,,,,,,,,,,,,,,,,,,,,,,,https://cdn.shopify.com/s/files/1/0916/9852/8593/files/thoson-microscope-explorer-03.png?v=1789972758,4,,,,,,,,,
thoson-microscope-explorer™,,,,,,,,,,,,,,,,,,,,,,,,https://cdn.shopify.com/s/files/1/0916/9852/8593/files/thoson-microscope-explorer-05.png?v=1789972758,5,,,,,,,,,
thoson-microscope-explorer™,,,,,,,,,,,,,,,,,,,,,,,,https://cdn.shopify.com/s/files/1/0916/9852/8593/files/thoson-microscope-explorer-04.png?v=1789972758,6,,,,,,,,,
snaptalk-duo,Thoson SnapTalk Duo™,"<p>Their first phone call, without a phone. SnapTalk Duo is a pair of kid-sized video walkie-talkies with real two-way audio and video between handsets.</p><p>Secret missions across the house, check-ins from the backyard, sibling headquarters under the bunk bed: SnapTalk keeps kids connected and moving. No phone, no apps, no internet.</p><p>Includes 2 rechargeable video walkie-talkie handsets. Recommended for ages 5 and up.</p>",Thoson,Kids Video Walkie-Talkies,"Best Sellers, Big Kids Ages 5+",TRUE,Version,Both Blue,,,,,SNAPTALK-2BLUE,0,shopify,100,continue,manual,69.00,129.00,TRUE,TRUE,,https://cdn.shopify.com/s/files/1/0916/9852/8593/files/snaptalk2_3b964f79-c08f-44f4-95e7-21954ad495e3.png?v=1790957189,1,,FALSE,Thoson SnapTalk Duo™,"Their first phone call, without a phone. SnapTalk Duo is a pair of kid-sized video walkie-talkies with real two-way audio and video between handset",,g,,,active
snaptalk-duo,,,,,,,Version,Both Pink,,,,,SNAPTALK-2PINK,0,shopify,100,continue,manual,69.00,129.00,TRUE,TRUE,,https://cdn.shopify.com/s/files/1/0916/9852/8593/files/snaptalk1.png?v=1790956873,2,,,,,,g,,,
snaptalk-duo,,,,,,,Version,Blue + Pink,,,,,SNAPTALK-PINK+BLUE,0,shopify,100,continue,manual,69.00,129.00,TRUE,TRUE,,https://cdn.shopify.com/s/files/1/0916/9852/8593/files/snaptalk2.png?v=1790956873,3,,,,,,g,,,
snaptalk-duo,,,,,,,,,,,,,,,,,,,,,,,,https://cdn.shopify.com/s/files/1/0916/9852/8593/files/snaptalk.png?v=1790957113,4,,,,,,,,,
snaptalk-duo,,,,,,,,,,,,,,,,,,,,,,,,https://cdn.shopify.com/s/files/1/0916/9852/8593/files/thoson-snaptalk-duo-01.png?v=1789972532,5,,,,,,,,,
thoson-fracsnap™,Thoson FracSnap™,"<p>Fractions kids can hold. FracSnap is a magnetic fraction book with 102 color-coded pieces (circles and bars from ½ down to 1/12) that snap into place so math finally makes visual sense.</p><p>Kids see that two quarters equal a half by building it, turning the most abstract topic in elementary math into hands-on play. No screens, no apps, no tears.</p><p>Includes the magnetic book and 102 fraction pieces. Recommended for ages 4–10.</p>",Thoson,Fraction Learning Set,"Best Sellers, Big Kids Ages 5+",TRUE,Title,Default Title,,,,,FRACSNAP,0,shopify,100,continue,manual,39.00,69.00,TRUE,TRUE,,https://cdn.shopify.com/s/files/1/0916/9852/8593/files/hf_20260415_174358_cffca3bd-9f8e-4544-8e20-6e69fd3fe24e.png?v=1776275118,1,,FALSE,Thoson FracSnap™,Fractions kids can hold. FracSnap is a magnetic fraction book with 102 color-coded pieces (circles and bars from ½ down to 1/12) that snap into pla,,g,,,active
thoson-fracsnap™,,,,,,,,,,,,,,,,,,,,,,,,https://cdn.shopify.com/s/files/1/0916/9852/8593/files/thoson-fracsnap-01.png?v=1789972674,2,,,,,,,,,
thoson-pippo,Thoson Pippo™,"<p>Meet Pippo, the talking puppy that turns pointing into words. Toddlers tap a card, Pippo says the word in a clear, real voice, and the repeat button plays it again as many times as they need.</p><p>73 cards of first words make vocabulary practice feel like playing with a pet. Screen-free language learning toddlers can drive themselves.</p><p>Includes Pippo and 73 word cards. Recommended for ages 2 and up.</p>",Thoson,Talking Flash Cards,"Best Sellers, Preschool Toys Ages 3-5, Toddler Toys Ages 1-3",TRUE,Title,Default Title,,,,,PIPPO,0,shopify,100,continue,manual,49.00,89.00,TRUE,TRUE,,https://cdn.shopify.com/s/files/1/0916/9852/8593/files/pippo2.png?v=1790961571,1,,FALSE,Thoson Pippo™,"Meet Pippo, the talking puppy that turns pointing into words. Toddlers tap a card, Pippo says the word in a clear, real voice, and the repeat butto",,g,,,active
thoson-pippo,,,,,,,,,,,,,,,,,,,,,,,,https://cdn.shopify.com/s/files/1/0916/9852/8593/files/pip1.png?v=1783643069,2,,,,,,,,,
thoson-pippo,,,,,,,,,,,,,,,,,,,,,,,,https://cdn.shopify.com/s/files/1/0916/9852/8593/files/pipo2.png?v=1783643069,3,,,,,,,,,
thoson-pippo,,,,,,,,,,,,,,,,,,,,,,,,https://cdn.shopify.com/s/files/1/0916/9852/8593/files/thoson-pippo-01.png?v=1789972758,4,,,,,,,,,
thoson-clash,Thoson Clash™,"<p>Two snakes, two remotes, one floor. Clash is a duel that starts the second the box opens, with no turns to take, no timer to set and no adult refereeing who goes next.</p><p>The magnetic blocks are the food. Every block a snake swallows locks onto its tail and makes it longer, so you can see who is winning from across the room. The heads light up and react while the chase is on, and both snakes charge over USB, so there are no batteries to hunt for.</p><p>Includes 2 remote control snakes in yellow and green, 2 remotes, 16 magnetic blocks and 2 USB charging cables. Recommended for ages 6 and up. Contains small parts and magnets: swallowed magnets can cause serious internal injury, so keep away from younger children and supervise play.</p>",Thoson,Remote Control Toy,"Best Sellers, Big Kids Ages 5+",TRUE,Title,Default Title,,,,,CLASH,0,shopify,100,continue,manual,79.00,139.00,TRUE,TRUE,,https://cdn.shopify.com/s/files/1/0916/9852/8593/files/clash.png?v=1790956733,1,,FALSE,Thoson Clash™,"Two snakes, two remotes, one floor. Clash is a duel that starts the second the box opens, with no turns to take, no timer to set and no adult refer",,g,,,active
thoson-clash,,,,,,,,,,,,,,,,,,,,,,,,https://cdn.shopify.com/s/files/1/0916/9852/8593/files/clash1.png?v=1787515480,2,,,,,,,,,
thoson-clash,,,,,,,,,,,,,,,,,,,,,,,,https://cdn.shopify.com/s/files/1/0916/9852/8593/files/clash3.png?v=1787515480,3,,,,,,,,,
thoson-clash,,,,,,,,,,,,,,,,,,,,,,,,https://cdn.shopify.com/s/files/1/0916/9852/8593/files/clash2.png?v=1787515480,4,,,,,,,,,
thoson-clash,,,,,,,,,,,,,,,,,,,,,,,,https://cdn.shopify.com/s/files/1/0916/9852/8593/files/clash4.png?v=1787515480,5,,,,,,,,,
thoson-clash,,,,,,,,,,,,,,,,,,,,,,,,https://cdn.shopify.com/s/files/1/0916/9852/8593/files/clash5.png?v=1787515480,6,,,,,,,,,
thoson-lizard-play-pack™,Thoson Lizard - Play Pack™,"<p>It climbs the wall. Actually climbs the wall. The Thoson Lizard is a remote-control gecko that scurries up walls, windows and ceilings, and sends kids running after it.</p><p>Easy controls sized for small hands make it a first RC toy kids master fast, trading couch time for laps around the living room. USB rechargeable, so the chase never waits on batteries.</p><p>Includes the wall-climbing gecko and its remote control; charges over USB. Recommended for ages 3 and up.</p>",Thoson,Remote Control Toy,"Best Sellers, Big Kids Ages 5+, Preschool Toys Ages 3-5",TRUE,Title,Default Title,,,,,LIZARD01,0,shopify,100,continue,manual,49.00,69.00,TRUE,TRUE,,https://cdn.shopify.com/s/files/1/0916/9852/8593/files/lizard.png?v=1790957506,1,,FALSE,Thoson Lizard - Play Pack™,"It climbs the wall. Actually climbs the wall. The Thoson Lizard is a remote-control gecko that scurries up walls, windows and ceilings, and sends k",,g,,,active
thoson-lizard-play-pack™,,,,,,,,,,,,,,,,,,,,,,,,https://cdn.shopify.com/s/files/1/0916/9852/8593/files/lizard2.png?v=1790957668,2,,,,,,,,,
thoson-lizard-play-pack™,,,,,,,,,,,,,,,,,,,,,,,,https://cdn.shopify.com/s/files/1/0916/9852/8593/files/thoson-lizard-play-pack-01.png?v=1789972717,3,,,,,,,,,
thoson-lizard-play-pack™,,,,,,,,,,,,,,,,,,,,,,,,https://cdn.shopify.com/s/files/1/0916/9852/8593/files/5_f952ba13-1823-4c80-a598-5966f8853dd2.webp?v=1770328116,4,,,,,,,,,
thoson-lizard-play-pack™,,,,,,,,,,,,,,,,,,,,,,,,https://cdn.shopify.com/s/files/1/0916/9852/8593/files/gif-1-optimize.webp?v=1770328116,5,,,,,,,,,
thoson-lizard-play-pack™,,,,,,,,,,,,,,,,,,,,,,,,https://cdn.shopify.com/s/files/1/0916/9852/8593/files/gif-2-optimize.webp?v=1770328116,6,,,,,,,,,
thoson-relay,Thoson Relay™,"<p>Your child presses a lever and the car pops up and sticks to the helicopter. They turn a crank and another one climbs the slope. They rotate a handle and the turntable spins the next car toward the bridge. Nothing on this track moves on its own.</p><p>That is the whole idea. Most car toys have a button that makes something happen while your child sits and watches, and then they need new batteries. Relay has no motor and no battery compartment at all. Press, crank, rotate. Every station asks something different of their hands, and if they stop, the track stops.</p><p>Includes the tabletop track and six mini cars, with a crane, a bridge, a turntable, a conveyor slope, a magnetic helicopter and an elevator platform. About ten inches square, so it sits on a kitchen table and goes back in the box when you need the table. Recommended for ages 3 and up. Contains small parts including the mini cars, so please keep away from children under 3 and supervise play.</p>",Thoson,Car Adventure Track,"Best Sellers, Big Kids Ages 5+, Preschool Toys Ages 3-5",TRUE,Title,Default Title,,,,,RELAY,0,shopify,100,continue,manual,49.00,69.00,TRUE,TRUE,,https://cdn.shopify.com/s/files/1/0916/9852/8593/files/relay1.png?v=1790182797,1,,FALSE,Thoson Relay™,Your child presses a lever and the car pops up and sticks to the helicopter. They turn a crank and another one climbs the slope. They rotate a hand,,g,,,active
thoson-relay,,,,,,,,,,,,,,,,,,,,,,,,https://cdn.shopify.com/s/files/1/0916/9852/8593/files/relay2.png?v=1790182797,2,,,,,,,,,
thoson-relay,,,,,,,,,,,,,,,,,,,,,,,,https://cdn.shopify.com/s/files/1/0916/9852/8593/files/relay5.png?v=1790182797,3,,,,,,,,,
thoson-relay,,,,,,,,,,,,,,,,,,,,,,,,https://cdn.shopify.com/s/files/1/0916/9852/8593/files/relay6.png?v=1790182798,4,,,,,,,,,
thoson-relay,,,,,,,,,,,,,,,,,,,,,,,,https://cdn.shopify.com/s/files/1/0916/9852/8593/files/relay7.png?v=1790182798,5,,,,,,,,,
thoson-relay,,,,,,,,,,,,,,,,,,,,,,,,https://cdn.shopify.com/s/files/1/0916/9852/8593/files/relay4.png?v=1790182797,6,,,,,,,,,
thoson-relay,,,,,,,,,,,,,,,,,,,,,,,,https://cdn.shopify.com/s/files/1/0916/9852/8593/files/relay3.png?v=1790182798,7,,,,,,,,,
thoson-squishblocks,Thoson SquishBlocks™,"<p>Building blocks that squish back. SquishBlocks are soft, satisfying blocks kids can stack, squeeze and connect. Construction play and sensory play in one.</p><p>The gentle texture is perfect for little hands (and quiet-time focus), while stacking and building supports calm, imaginative, screen-free play.</p><p>Includes the full set of soft connecting blocks. Loved by toddlers and preschoolers.</p>",Thoson,Soft Building Blocks,"Best Sellers, Preschool Toys Ages 3-5, Toddler Toys Ages 1-3",TRUE,Title,Default Title,,,,,SQUISH,0,shopify,100,continue,manual,49.00,89.00,TRUE,TRUE,,https://cdn.shopify.com/s/files/1/0916/9852/8593/files/squish.png?v=1790962472,1,,FALSE,Thoson SquishBlocks™,"Building blocks that squish back. SquishBlocks are soft, satisfying blocks kids can stack, squeeze and connect. Construction play and sensory play ",,g,,,active
thoson-squishblocks,,,,,,,,,,,,,,,,,,,,,,,,https://cdn.shopify.com/s/files/1/0916/9852/8593/files/squish1.png?v=1790963215,2,,,,,,,,,
thoson-squishblocks,,,,,,,,,,,,,,,,,,,,,,,,https://cdn.shopify.com/s/files/1/0916/9852/8593/files/squish13.png?v=1790963244,3,,,,,,,,,
thoson-squishblocks,,,,,,,,,,,,,,,,,,,,,,,,https://cdn.shopify.com/s/files/1/0916/9852/8593/files/squish15.png?v=1790963252,4,,,,,,,,,
thoson-squishblocks,,,,,,,,,,,,,,,,,,,,,,,,https://cdn.shopify.com/s/files/1/0916/9852/8593/files/squish17.png?v=1790963253,5,,,,,,,,,
thoson-magic-gel,Thoson Magic Gel™,"<p>Pour, dip, and watch it become a dinosaur. Magic Gel is a water-activated craft kit where liquid color firms up in minutes into squishy 3D creatures kids made themselves.</p><p>Molding, squeezing and creating builds fine motor skills and patience, with a non-toxic formula and a quick-rinse reset that keeps the mess in the bin, not on the table.</p><p>The Full Pack includes 30 pieces with molds and precision tips. Recommended for ages 3 and up.</p>",Thoson,3D Craft Gel Kit,"Best Sellers, Big Kids Ages 5+, Preschool Toys Ages 3-5",TRUE,Title,Default Title,,,,,MAGICGEL,0,shopify,100,continue,manual,49.00,69.00,TRUE,TRUE,,https://cdn.shopify.com/s/files/1/0916/9852/8593/files/71sVlEzmTvL._AC_SL1500.jpg?v=1770328151,1,,FALSE,Thoson Magic Gel™,"Pour, dip, and watch it become a dinosaur. Magic Gel is a water-activated craft kit where liquid color firms up in minutes into squishy 3D creature",,g,,,active
thoson-magic-gel,,,,,,,,,,,,,,,,,,,,,,,,https://cdn.shopify.com/s/files/1/0916/9852/8593/files/thoson-magic-gel-02.webp?v=1789972717,2,,,,,,,,,
thoson-magic-gel,,,,,,,,,,,,,,,,,,,,,,,,https://cdn.shopify.com/s/files/1/0916/9852/8593/files/c33b5d4c-5d7d-4956-9f70-ff62571abbd4_TYTvEX7qcuf.webp?v=1770328151,3,,,,,,,,,
thoson-magic-gel,,,,,,,,,,,,,,,,,,,,,,,,https://cdn.shopify.com/s/files/1/0916/9852/8593/files/71FNbZGWYtL._AC_SL1500.jpg?v=1770328151,4,,,,,,,,,
thoson-magic-gel,,,,,,,,,,,,,,,,,,,,,,,,https://cdn.shopify.com/s/files/1/0916/9852/8593/files/71l3WwxPX0L._AC_SL1500.jpg?v=1770328151,5,,,,,,,,,
thoson-magic-gel,,,,,,,,,,,,,,,,,,,,,,,,https://cdn.shopify.com/s/files/1/0916/9852/8593/files/thoson-magic-gel-01.png?v=1789972717,6,,,,,,,,,
thoson-buildbox,Thoson BuildBox™,"<p>A real workshop, sized for small hands. BuildBox puts working kid-scale tools (drill, wrench, bolts) into little builders' hands and lets them actually build.</p><p>Projects come together, come apart and become something new, while the toolbox itself converts into a workbench and seat. No apps, no batteries, just proud little builders.</p><p>Includes the tool set, bolts and the convertible toolbox workbench. Recommended for ages 3 and up.</p>",Thoson,Kids Tool Set,"Best Sellers, Big Kids Ages 5+, Preschool Toys Ages 3-5",TRUE,Color,Blue,,,,,BUILDBOX-BLUE,0,shopify,100,continue,manual,69.00,109.00,TRUE,TRUE,,https://cdn.shopify.com/s/files/1/0916/9852/8593/files/hf_20260414_145227_a646dde6-eb98-42c8-b8ec-d3aa42421096.png?v=1776178450,1,,FALSE,Thoson BuildBox™,"A real workshop, sized for small hands. BuildBox puts working kid-scale tools (drill, wrench, bolts) into little builders' hands and lets them actu",,g,,,active
thoson-buildbox,,,,,,,Color,Pink,,,,,BUILDBOX-PINK,0,shopify,100,continue,manual,69.00,109.00,TRUE,TRUE,,https://cdn.shopify.com/s/files/1/0916/9852/8593/files/thoson-buildbox-01.png?v=1789966331,2,,,,,,g,,,
thoson-buildbox,,,,,,,,,,,,,,,,,,,,,,,,https://cdn.shopify.com/s/files/1/0916/9852/8593/files/hippo-all-in-one-tool-hub-diy-montessori-tool-box-set-844844.webp?v=1776181977,3,,,,,,,,,
thoson-buildbox,,,,,,,,,,,,,,,,,,,,,,,,https://cdn.shopify.com/s/files/1/0916/9852/8593/files/thoson-buildbox-02.png?v=1789966331,4,,,,,,,,,
thoson-buildbox,,,,,,,,,,,,,,,,,,,,,,,,https://cdn.shopify.com/s/files/1/0916/9852/8593/files/thoson-buildbox-05.png?v=1789966331,5,,,,,,,,,
thoson-buildbox,,,,,,,,,,,,,,,,,,,,,,,,https://cdn.shopify.com/s/files/1/0916/9852/8593/files/thoson-buildbox-04.png?v=1789966331,6,,,,,,,,,
thoson-buildbox,,,,,,,,,,,,,,,,,,,,,,,,https://cdn.shopify.com/s/files/1/0916/9852/8593/files/thoson-buildbox-03.png?v=1789966331,7,,,,,,,,,
thoson-lettercrew™,Thoson LetterCrew™,"<p>The alphabet, out of the book and into their hands. LetterCrew pairs 52 wooden letter blocks with 28 picture cards: kids pick a card, sound out the word, and spell it with real letters.</p><p>Matching, sounding and spelling builds phonics and letter recognition the hands-on way, screen-free practice that feels like play.</p><p>Includes 52 wooden letters and 28 picture cards. Recommended for ages 3 and up.</p>",Thoson,Alphabet Learning Set,"Best Sellers, Big Kids Ages 5+, Preschool Toys Ages 3-5",TRUE,Title,Default Title,,,,,LETTERCREW,0,shopify,100,continue,manual,39.00,69.00,TRUE,TRUE,,https://cdn.shopify.com/s/files/1/0916/9852/8593/files/thoson-lettercrew-01.png?v=1789972697,1,,FALSE,Thoson LetterCrew™,"The alphabet, out of the book and into their hands. LetterCrew pairs 52 wooden letter blocks with 28 picture cards: kids pick a card, sound out the",,g,,,active
thoson-lettercrew™,,,,,,,,,,,,,,,,,,,,,,,,https://cdn.shopify.com/s/files/1/0916/9852/8593/files/May12_2026_10_41_47AM_c51706a0-bcd5-4be4-a54c-996fc07fa208.png?v=1778596943,2,,,,,,,,,
thoson-lettercrew™,,,,,,,,,,,,,,,,,,,,,,,,https://cdn.shopify.com/s/files/1/0916/9852/8593/files/thoson-lettercrew-02.png?v=1789972697,3,,,,,,,,,
thoson-lettercrew™,,,,,,,,,,,,,,,,,,,,,,,,https://cdn.shopify.com/s/files/1/0916/9852/8593/files/thoson-lettercrew-03.png?v=1789972697,4,,,,,,,,,
thoson-chime,Thoson Chime™,"<p>The toy that calms the room. Chime is a solid-wood marble tree: drop a marble at the top and it cascades down rainbow leaves with a soft, musical ding.</p><p>Mesmerizing to watch, soothing to hear, and beautiful enough to live on the shelf. No batteries, no volume knob, no screen. A favorite for wind-down time.</p><p>Includes the solid wood marble tree and its marbles. Recommended for ages 3 and up.</p>",Thoson,Wooden Marble Run,"Best Sellers, Preschool Toys Ages 3-5, Toddler Toys Ages 1-3",TRUE,Title,Default Title,,,,,CHIME,0,shopify,100,continue,manual,69.00,89.00,TRUE,TRUE,,https://cdn.shopify.com/s/files/1/0916/9852/8593/files/chime1.png?v=1783644821,1,,FALSE,Thoson Chime™,"The toy that calms the room. Chime is a solid-wood marble tree: drop a marble at the top and it cascades down rainbow leaves with a soft, musical d",,g,,,active
thoson-chime,,,,,,,,,,,,,,,,,,,,,,,,https://cdn.shopify.com/s/files/1/0916/9852/8593/files/chime2.png?v=1783644821,2,,,,,,,,,
thoson-chime,,,,,,,,,,,,,,,,,,,,,,,,https://cdn.shopify.com/s/files/1/0916/9852/8593/files/thoson-chime-01.png?v=1789972674,3,,,,,,,,,
thoson-100-000-whys™,"Thoson 100,000 Whys™","<p>For the kid who asks ""why"" 400 times a day: finally, a book that keeps up. 100,000 Whys answers the questions kids actually ask across 6 science themes: astronomy, geography, technology, plants, animals and the human body.</p><p>Comic illustrations on every page turn complex ideas into pictures kids read past bedtime. Ad-free, screen-free, curated content. It reads like fun, not homework, growing from simple facts to deeper ""why"" chains.</p><p>Recommended for curious kids ages 6–12.</p>",Thoson,Illustrated Q&A Book,"Best Sellers, Big Kids Ages 5+, Preschool Toys Ages 3-5",TRUE,Title,Default Title,,,,,BOOK100WHY,0,shopify,100,continue,manual,39.00,,TRUE,TRUE,,https://cdn.shopify.com/s/files/1/0916/9852/8593/files/thoson-100-000-whys-01.png?v=1789972606,1,,FALSE,"Thoson 100,000 Whys™","For the kid who asks ""why"" 400 times a day: finally, a book that keeps up. 100,000 Whys answers the questions kids actually ask across 6 science th",,g,,,active
thoson-100-000-whys™,,,,,,,,,,,,,,,,,,,,,,,,https://cdn.shopify.com/s/files/1/0916/9852/8593/files/thoson-100-000-whys-02.png?v=1789972606,2,,,,,,,,,
thoson-aquadoodle-book™,Thoson AquaDoodle Book™,"<p>A drawing book that never runs out. Kids doodle with just water: lines appear like magic, dry clear, and the page is ready to draw all over again.</p><p>No ink, no markers, no mess: perfect for car rides, restaurants and quiet time. Toddlers build pen control and creativity while the seats stay clean.</p><p>Includes the reusable AquaDoodle book with its water pen. A travel-bag essential for little artists.</p>",Thoson,Water Drawing Book,"Best Sellers, Toddler Toys Ages 1-3",TRUE,Title,Default Title,,,,,AQUADOODLE,0,shopify,100,continue,manual,25.00,69.00,TRUE,TRUE,,https://cdn.shopify.com/s/files/1/0916/9852/8593/files/thoson-aquadoodle-book-01.png?v=1789972636,1,,FALSE,Thoson AquaDoodle Book™,"A drawing book that never runs out. Kids doodle with just water: lines appear like magic, dry clear, and the page is ready to draw all over again.<",,g,,,active
thoson-aquadoodle-book™,,,,,,,,,,,,,,,,,,,,,,,,https://cdn.shopify.com/s/files/1/0916/9852/8593/files/8d2866f8c0704749a16f130631538b6e.jpg?v=1762025724,2,,,,,,,,,
thoson-aquadoodle-book™,,,,,,,,,,,,,,,,,,,,,,,,https://cdn.shopify.com/s/files/1/0916/9852/8593/files/thoson-aquadoodle-book-02.png?v=1789972636,3,,,,,,,,,
thoson-aquadoodle-book™,,,,,,,,,,,,,,,,,,,,,,,,https://cdn.shopify.com/s/files/1/0916/9852/8593/files/thoson-aquadoodle-book-03.png?v=1789972636,4,,,,,,,,,
thoson-aquadoodle-book™,,,,,,,,,,,,,,,,,,,,,,,,https://cdn.shopify.com/s/files/1/0916/9852/8593/files/a0ce02a2989848088175136d47c86f3b.jpg?v=1762029471,5,,,,,,,,,
thoson-aquadoodle-book™,,,,,,,,,,,,,,,,,,,,,,,,https://cdn.shopify.com/s/files/1/0916/9852/8593/files/ac8b32740d6d4c61bfba397d00b9aae4.jpg?v=1762029475,6,,,,,,,,,
nestwood-full-pack™,NestWood - Full Pack™,"<p>Forty-two wooden Tetris-style blocks, one deceptively simple challenge: make them fit. NestWood turns spatial reasoning into hands-on play kids come back to again and again.</p><p>Start with easy fits and work up through progressive challenges: rotating, flipping and planning until every piece clicks into place. Open-ended, Montessori-inspired and completely screen-free.</p><p>Includes 42 durable wooden blocks in a rainbow of shapes. A quiet-time favorite for toddlers and preschoolers.</p>",Thoson,Wooden Puzzle Blocks,"Best Sellers, Preschool Toys Ages 3-5, Toddler Toys Ages 1-3",TRUE,Title,Default Title,,,,,NESTWOOD,0,shopify,100,continue,manual,49.00,69.00,TRUE,TRUE,,https://cdn.shopify.com/s/files/1/0916/9852/8593/files/hf_20260206_013551_ff4152e4-a004-4b20-93a1-f0cd1ab36300.jpg?v=1770342496,1,,FALSE,NestWood - Full Pack™,"Forty-two wooden Tetris-style blocks, one deceptively simple challenge: make them fit. NestWood turns spatial reasoning into hands-on play kids com",,g,,,active
nestwood-full-pack™,,,,,,,,,,,,,,,,,,,,,,,,https://cdn.shopify.com/s/files/1/0916/9852/8593/files/S0f68304fd4a940898ccef91d20b71b9aw.jpg?v=1770342496,2,,,,,,,,,
nestwood-full-pack™,,,,,,,,,,,,,,,,,,,,,,,,https://cdn.shopify.com/s/files/1/0916/9852/8593/files/H6883932feffb401ebdecd29256a261b4T.jpg_720x720q50.jpg?v=1770342496,3,,,,,,,,,
nestwood-full-pack™,,,,,,,,,,,,,,,,,,,,,,,,https://cdn.shopify.com/s/files/1/0916/9852/8593/files/H68cc0a1795ba465f9282af28a49c1d46X.jpg_150x150_a241bbe2-5941-48a2-a62c-6cb938c246b9.jpg?v=1770342496,4,,,,,,,,,
thoson-blocks-full-pack™,Thoson Blocks - Full Pack™,"<p>Castles, spaceships, animal kingdoms. Then it all comes apart and becomes something new. Thoson Blocks are magnetic building blocks that snap together into real 3D structures.</p><p>Kids plan, build, knock down and rebuild, developing spatial reasoning and engineering thinking through open-ended construction. No instructions required, no screens involved.</p><p>The Full Pack includes the complete set of magnetic blocks. Loved by builders from toddlers to big kids.</p>",Thoson,Magnetic Building Blocks,"Best Sellers, Big Kids Ages 5+, Preschool Toys Ages 3-5, Toddler Toys Ages 1-3",TRUE,Version,Royal Empire,,,,,BLOCKS-KINGDOM,0,shopify,100,continue,manual,59.00,69.00,TRUE,TRUE,,https://cdn.shopify.com/s/files/1/0916/9852/8593/files/41c0f17a156f74bcbac9e8de7bcaf623.png?v=1756393843,1,,FALSE,Thoson Blocks - Full Pack™,"Castles, spaceships, animal kingdoms. Then it all comes apart and becomes something new. Thoson Blocks are magnetic building blocks that snap toget",,g,,,active
thoson-blocks-full-pack™,,,,,,,Version,Ocean Castle,,,,,BLOCKS-BLUECASTLE,0,shopify,100,continue,manual,59.00,69.00,TRUE,TRUE,,https://cdn.shopify.com/s/files/1/0916/9852/8593/files/5a24e60a7027c2996efd0144535e4299.jpg?v=1756393949,2,,,,,,g,,,
thoson-blocks-full-pack™,,,,,,,Version,Rainbow Palace,,,,,BLOCKS-COLORFULCASTLE,0,shopify,100,continue,manual,59.00,69.00,TRUE,TRUE,,https://cdn.shopify.com/s/files/1/0916/9852/8593/files/888ed2f14d753b17e73516e6aa11cf27.jpg?v=1756393970,3,,,,,,g,,,
thoson-blocks-full-pack™,,,,,,,Version,Starlight Unicorn,,,,,BLOCKS-UNICORN,0,shopify,100,continue,manual,59.00,69.00,TRUE,TRUE,,https://cdn.shopify.com/s/files/1/0916/9852/8593/files/7754d9e0c01de5625d8fdce30f810289.jpg?v=1756393981,4,,,,,,g,,,
thoson-blocks-full-pack™,,,,,,,Version,Hero Fire Station,,,,,BLOCKS-FIREFIGHTER,0,shopify,100,continue,manual,59.00,69.00,TRUE,TRUE,,https://cdn.shopify.com/s/files/1/0916/9852/8593/files/152eb88f5e893638a2b309bbc5bf39ae.jpg?v=1756393991,5,,,,,,g,,,
thoson-blocks-full-pack™,,,,,,,Version,Construction Crew,,,,,BLOCKS-ENGINEERING,0,shopify,100,continue,manual,59.00,69.00,TRUE,TRUE,,https://cdn.shopify.com/s/files/1/0916/9852/8593/files/ed3d9a4742a9e2642b6e92a405b4acdb.jpg?v=1756394006,6,,,,,,g,,,
thoson-blocks-full-pack™,,,,,,,Version,Arctic Adventure,,,,,BLOCKS-ICESNOWWORLD,0,shopify,100,continue,manual,59.00,69.00,TRUE,TRUE,,https://cdn.shopify.com/s/files/1/0916/9852/8593/files/227e0305f45167ff75cb39caceeb18d0.jpg?v=1756394029,7,,,,,,g,,,
thoson-blocks-full-pack™,,,,,,,Version,Fire & Ice Clash,,,,,BLOCKS-ICEFIRE,0,shopify,100,continue,manual,59.00,69.00,TRUE,TRUE,,https://cdn.shopify.com/s/files/1/0916/9852/8593/files/141cd099287f2f7b14295c4d38b880d0.jpg?v=1756394053,8,,,,,,g,,,
thoson-blocks-full-pack™,,,,,,,Version,Pirate Adventure,,,,,BLOCKS-PIRATESHIP,0,shopify,100,continue,manual,59.00,69.00,TRUE,TRUE,,https://cdn.shopify.com/s/files/1/0916/9852/8593/files/65492b435d34b5dd62df442597b253e1.jpg?v=1756394064,9,,,,,,g,,,
thoson-blocks-full-pack™,,,,,,,Version,Woodland Adventure,,,,,BLOCKS-GREATFOREST,0,shopify,100,continue,manual,59.00,69.00,TRUE,TRUE,,,,,,,,,g,,,
thoson-sandlab,Thoson Sandlab™,"<p>The sensory bin that cleans itself up. Sandlab packs moldable sand and glow-in-the-dark stones into a bin that snaps shut in seconds. Indoor sand play without the indoor sand problem.</p><p>Squeezing, shaping and burying treasure builds focus and calm through rich sensory play; the glow stones turn lights-off time into a treasure hunt.</p><p>Includes the snap-shut bin, moldable sand and glow stones. Recommended for ages 3 and up.</p>",Thoson,Sensory Sand Kit,"Best Sellers, Big Kids Ages 5+, Preschool Toys Ages 3-5",TRUE,Title,Default Title,,,,,SANDLAB,0,shopify,100,continue,manual,79.00,89.00,TRUE,TRUE,,https://cdn.shopify.com/s/files/1/0916/9852/8593/files/32323.png?v=1781187726,1,,FALSE,Thoson Sandlab™,The sensory bin that cleans itself up. Sandlab packs moldable sand and glow-in-the-dark stones into a bin that snaps shut in seconds. Indoor sand p,,g,,,active
thoson-sandlab,,,,,,,,,,,,,,,,,,,,,,,,https://cdn.shopify.com/s/files/1/0916/9852/8593/files/666.png?v=1781187727,2,,,,,,,,,
thoson-sandlab,,,,,,,,,,,,,,,,,,,,,,,,https://cdn.shopify.com/s/files/1/0916/9852/8593/files/525.png?v=1781187726,3,,,,,,,,,
thoson-sandlab,,,,,,,,,,,,,,,,,,,,,,,,https://cdn.shopify.com/s/files/1/0916/9852/8593/files/766.png?v=1781187726,4,,,,,,,,,
thoson-sandlab,,,,,,,,,,,,,,,,,,,,,,,,https://cdn.shopify.com/s/files/1/0916/9852/8593/files/24424.png?v=1781187727,5,,,,,,,,,
thoson-sandlab,,,,,,,,,,,,,,,,,,,,,,,,https://cdn.shopify.com/s/files/1/0916/9852/8593/files/3232324.png?v=1781187726,6,,,,,,,,,
thoson-wordplay,Thoson WordPlay™,"<p>Spelling practice they mistake for a game. WordPlay turns letters into playing pieces kids combine, swap and race to build into real words.</p><p>Each round grows vocabulary, spelling and early reading skills, the kind of practice that happens voluntarily, without screens or flashcard drills.</p><p>The Complete Learning Set includes everything needed to play. Recommended for ages 3 and up.</p>",Thoson,Word-Building Game,"Best Sellers, Big Kids Ages 5+, Preschool Toys Ages 3-5",TRUE,Version,Blue,,,,,WORDPLAY-BLUE,0,shopify,100,continue,manual,29.00,69.00,TRUE,TRUE,,https://cdn.shopify.com/s/files/1/0916/9852/8593/files/hf_20260205_182034_80f5607a-f7a0-441b-bc22-9e023978a478.png?v=1770315927,1,,FALSE,Thoson WordPlay™,"Spelling practice they mistake for a game. WordPlay turns letters into playing pieces kids combine, swap and race to build into real words.E",,g,,,active
thoson-wordplay,,,,,,,Version,Pink,,,,,WORDPLAY-PINK,0,shopify,100,continue,manual,29.00,69.00,TRUE,TRUE,,https://cdn.shopify.com/s/files/1/0916/9852/8593/files/thoson-wordplay-01.png?v=1789972889,2,,,,,,g,,,
thoson-wordplay,,,,,,,,,,,,,,,,,,,,,,,,https://cdn.shopify.com/s/files/1/0916/9852/8593/files/71EFPV5knHL._AC_SL1500.jpg?v=1770317345,3,,,,,,,,,
thoson-wordplay,,,,,,,,,,,,,,,,,,,,,,,,https://cdn.shopify.com/s/files/1/0916/9852/8593/files/71rugMJBKrL._AC_SL1500.jpg?v=1770317345,4,,,,,,,,,
thoson-wordplay,,,,,,,,,,,,,,,,,,,,,,,,https://cdn.shopify.com/s/files/1/0916/9852/8593/files/71mragYsuFL._AC_SL1500.jpg?v=1770317345,5,,,,,,,,,
thoson-wordplay,,,,,,,,,,,,,,,,,,,,,,,,https://cdn.shopify.com/s/files/1/0916/9852/8593/files/71-i-XG57vL._AC_SL1500.jpg?v=1770317345,6,,,,,,,,,
thoson-wordplay,,,,,,,,,,,,,,,,,,,,,,,,https://cdn.shopify.com/s/files/1/0916/9852/8593/files/71JErR9s7IL._AC_SL1500.jpg?v=1770317345,7,,,,,,,,,
thoson-wordplay,,,,,,,,,,,,,,,,,,,,,,,,https://cdn.shopify.com/s/files/1/0916/9852/8593/files/71F29NnVnnL._AC_SL1500.jpg?v=1770317345,8,,,,,,,,,
thoson-wordplay,,,,,,,,,,,,,,,,,,,,,,,,https://cdn.shopify.com/s/files/1/0916/9852/8593/files/71_z2pnh0UL._AC_SL1500.jpg?v=1770317345,9,,,,,,,,,
spell-play-full-pack™,Spell & Play - Full Pack™,"<p>The moment letters stop being abstract: kids build real words with their own hands. Spell &amp; Play turns spelling practice into a game young readers actually ask to play.</p><p>Pick a word, find the letters, snap them into place. Each round builds letter recognition, phonics and early reading confidence without a single worksheet or screen.</p><p>The Full Pack includes the complete word-building set. Recommended for ages 5 and up.</p>",Thoson,Spelling & Reading Set,"Best Sellers, Big Kids Ages 5+",TRUE,Version,Alphabet,,,,,SPELLPLAY-ALPHABET,0,shopify,100,continue,manual,49.00,69.00,TRUE,TRUE,,https://cdn.shopify.com/s/files/1/0916/9852/8593/files/4b82b018714ced61d37c2351159044fc775b38f9-700.avif?v=1755040801,1,,FALSE,Spell & Play - Full Pack™,The moment letters stop being abstract: kids build real words with their own hands. Spell &amp; Play turns spelling practice into a game young read,,g,,,active
spell-play-full-pack™,,,,,,,Version,Numeric,,,,,SPELLPLAY-NUMERIC,0,shopify,100,continue,manual,49.00,69.00,TRUE,TRUE,,https://cdn.shopify.com/s/files/1/0916/9852/8593/files/711jOjM791L._AC_SL1500.jpg?v=1755125015,2,,,,,,g,,,
spell-play-full-pack™,,,,,,,,,,,,,,,,,,,,,,,,https://cdn.shopify.com/s/files/1/0916/9852/8593/files/037e9faffc115f792d7c4dfef0e7e6efbbd284bc-600.avif?v=1755125015,3,,,,,,,,,
spell-play-full-pack™,,,,,,,,,,,,,,,,,,,,,,,,https://cdn.shopify.com/s/files/1/0916/9852/8593/files/086c62f1f87521e154981df9f103c798c139ec6c-600.avif?v=1755125015,4,,,,,,,,,
spell-play-full-pack™,,,,,,,,,,,,,,,,,,,,,,,,https://cdn.shopify.com/s/files/1/0916/9852/8593/files/bd341798d9cbaa11ebafcda16152f8449fb77bbe-600.avif?v=1755125015,5,,,,,,,,,
spell-play-full-pack™,,,,,,,,,,,,,,,,,,,,,,,,https://cdn.shopify.com/s/files/1/0916/9852/8593/files/fa757b313d829f159256c3625e9e9ea41e0e83f2.avif?v=1755125015,6,,,,,,,,,
spell-play-full-pack™,,,,,,,,,,,,,,,,,,,,,,,,https://cdn.shopify.com/s/files/1/0916/9852/8593/files/71UerS3HIWL._AC_SL1500.jpg?v=1755125015,7,,,,,,,,,
spell-play-full-pack™,,,,,,,,,,,,,,,,,,,,,,,,https://cdn.shopify.com/s/files/1/0916/9852/8593/files/616Uk1TMEvL._AC_SL1500.jpg?v=1755125015,8,,,,,,,,,
spell-play-full-pack™,,,,,,,,,,,,,,,,,,,,,,,,https://cdn.shopify.com/s/files/1/0916/9852/8593/files/61TE5MbU88L._AC_SL1500.jpg?v=1755125015,9,,,,,,,,,
thoson-pixelforge™,Thoson PixelForge™,"<p>Pixel art, made of wood and magnets. PixelForge gives kids 288 magnetic pieces and a display board to snap together pictures, patterns and scenes, one satisfying click at a time.</p><p>A 162-page book with 280+ designs offers endless projects to copy or remix, building concentration, fine motor precision and creative confidence along the way.</p><p>Includes 288 magnetic wooden pieces, the display board and the design book. Recommended for ages 3 and up.</p>",Thoson,Magnetic Mosaic Set,"Best Sellers, Big Kids Ages 5+",TRUE,Title,Default Title,,,,,PIXELFORGE,0,shopify,100,continue,manual,79.00,119.00,TRUE,TRUE,,https://cdn.shopify.com/s/files/1/0916/9852/8593/files/eae18afe977e49d486a9d8a4d90d795b.jpg?v=1778598373,1,,FALSE,Thoson PixelForge™,"Pixel art, made of wood and magnets. PixelForge gives kids 288 magnetic pieces and a display board to snap together pictures, patterns and scenes, ",,g,,,active
thoson-pixelforge™,,,,,,,,,,,,,,,,,,,,,,,,https://cdn.shopify.com/s/files/1/0916/9852/8593/files/thoson-pixelforge-01.png?v=1789972758,2,,,,,,,,,
thoson-pixelforge™,,,,,,,,,,,,,,,,,,,,,,,,https://cdn.shopify.com/s/files/1/0916/9852/8593/files/thoson-pixelforge-02.png?v=1789972758,3,,,,,,,,,
thoson-turbomonster-pack™,TurboMonster Pack,"<p>Built to be crashed. TurboMonster trucks are chunky, rugged monster trucks that survive exactly the kind of play energetic kids dish out.</p><p>Push them, race them, launch them off the couch. Big wheels and tough bodies keep rolling through living-room rallies and backyard expeditions alike. Active, imaginative, screen-free play.</p><p>Includes the TurboMonster truck pack. Recommended for ages 3 and up.</p>",Thoson,Toy Monster Trucks,"Best Sellers, Big Kids Ages 5+, Preschool Toys Ages 3-5",TRUE,Title,Default Title,,,,,MONSTERTOY3,0,shopify,100,continue,manual,39.00,99.00,TRUE,TRUE,,https://cdn.shopify.com/s/files/1/0916/9852/8593/files/thoson-turbomonster-pack-01.png?v=1789972862,1,,FALSE,TurboMonster Pack,"Built to be crashed. TurboMonster trucks are chunky, rugged monster trucks that survive exactly the kind of play energetic kids dish out.Pus",,g,,,active
thoson-turbomonster-pack™,,,,,,,,,,,,,,,,,,,,,,,,https://cdn.shopify.com/s/files/1/0916/9852/8593/files/81d8ZAc6QSL._AC_SX466.jpg?v=1770344220,2,,,,,,,,,
thoson-turbomonster-pack™,,,,,,,,,,,,,,,,,,,,,,,,https://cdn.shopify.com/s/files/1/0916/9852/8593/files/81Kq4AaphaL._AC_SX466.jpg?v=1770344220,3,,,,,,,,,
thoson-turbomonster-pack™,,,,,,,,,,,,,,,,,,,,,,,,https://cdn.shopify.com/s/files/1/0916/9852/8593/files/81ndTdwo3kL._AC_SX466.jpg?v=1770344220,4,,,,,,,,,
thoson-turbomonster-pack™,,,,,,,,,,,,,,,,,,,,,,,,https://cdn.shopify.com/s/files/1/0916/9852/8593/files/81py38XgGKL._AC_SX466.jpg?v=1770344220,5,,,,,,,,,
thoson-turbomonster-pack™,,,,,,,,,,,,,,,,,,,,,,,,https://cdn.shopify.com/s/files/1/0916/9852/8593/files/81rfcEnim1L._AC_SX466.jpg?v=1770344220,6,,,,,,,,,
thoson-turbomonster-pack™,,,,,,,,,,,,,,,,,,,,,,,,https://cdn.shopify.com/s/files/1/0916/9852/8593/files/819Cz9ytbQL._AC_SX466.jpg?v=1770344220,7,,,,,,,,,
thoson-shapecrew™,Thoson ShapeCrew™,"<p>One hundred twenty shapes, endless pictures. ShapeCrew is a wooden pattern puzzle where kids rebuild colorful designs (or invent their own) on a wooden frame board.</p><p>Following the pattern cards trains shape recognition, spatial reasoning and focus; free-building trains imagination. Both happen without a screen in sight.</p><p>Includes 120 wooden shapes, 40 pattern cards and the frame board. Recommended for ages 3 and up.</p>",Thoson,Pattern Puzzle Set,"Best Sellers, Preschool Toys Ages 3-5",TRUE,Title,Default Title,,,,,SHAPECREW,0,shopify,100,continue,manual,49.00,79.00,TRUE,TRUE,,https://cdn.shopify.com/s/files/1/0916/9852/8593/files/ChatGPTImageMay12_2026_10_52_50AM.png?v=1778597596,1,,FALSE,Thoson ShapeCrew™,"One hundred twenty shapes, endless pictures. ShapeCrew is a wooden pattern puzzle where kids rebuild colorful designs (or invent their own) on a wo",,g,,,active
thoson-shapecrew™,,,,,,,,,,,,,,,,,,,,,,,,https://cdn.shopify.com/s/files/1/0916/9852/8593/files/ChatGPTImageMay12_2026_10_55_45AM.png?v=1778597763,2,,,,,,,,,
thoson-shapecrew™,,,,,,,,,,,,,,,,,,,,,,,,https://cdn.shopify.com/s/files/1/0916/9852/8593/files/thoson-shapecrew-01.png?v=1789972780,3,,,,,,,,,
thoson-shapecrew™,,,,,,,,,,,,,,,,,,,,,,,,https://cdn.shopify.com/s/files/1/0916/9852/8593/files/thoson-shapecrew-02.png?v=1789972780,4,,,,,,,,,
thoson-spiderracer-duo,Thoson SpiderRacer Duo™,"<p>Two cars. Two remotes. One living-room championship. SpiderRacer Duo is a pair of remote-control stunt cars built for head-to-head racing.</p><p>Flips, spins and gravity-defying tricks keep siblings and friends competing lap after lap. Active play that gets kids off the couch and into the race, with easy controls for beginners.</p><p>Includes 2 RC stunt cars and 2 controllers. Recommended for ages 5 and up.</p>",Thoson,Remote Control Stunt Cars,"Best Sellers, Big Kids Ages 5+",TRUE,Title,Default Title,,,,,SPIDER,0,shopify,100,continue,manual,39.00,99.00,TRUE,TRUE,,https://cdn.shopify.com/s/files/1/0916/9852/8593/files/81k92-9bmoL._AC_SL1500.jpg?v=1762877721,1,,FALSE,Thoson SpiderRacer Duo™,Two cars. Two remotes. One living-room championship. SpiderRacer Duo is a pair of remote-control stunt cars built for head-to-head racing.Fl,,g,,,active
thoson-spiderracer-duo,,,,,,,,,,,,,,,,,,,,,,,,https://cdn.shopify.com/s/files/1/0916/9852/8593/files/71TNv0vPlGL._AC_SL1500.jpg?v=1762877721,2,,,,,,,,,
thoson-spiderracer-duo,,,,,,,,,,,,,,,,,,,,,,,,https://cdn.shopify.com/s/files/1/0916/9852/8593/files/7192LCaAaVL._AC_SL1500.jpg?v=1762877721,3,,,,,,,,,
thoson-spiderracer-duo,,,,,,,,,,,,,,,,,,,,,,,,https://cdn.shopify.com/s/files/1/0916/9852/8593/files/81bBA66on1L._AC_SL1500.jpg?v=1762877721,4,,,,,,,,,
thoson-spiderracer-duo,,,,,,,,,,,,,,,,,,,,,,,,https://cdn.shopify.com/s/files/1/0916/9852/8593/files/81AiE3Ad_EL._AC_SL1500.jpg?v=1762877721,5,,,,,,,,,
thoson-spiderracer-duo,,,,,,,,,,,,,,,,,,,,,,,,https://cdn.shopify.com/s/files/1/0916/9852/8593/files/81Os5dilyqL._AC_SL1500.jpg?v=1762877721,6,,,,,,,,,
thoson-mission,Thoson Mission™ 3-Pack,"<p>Every Mission 3-Pack comes with three charts: one for the morning, one for the day and one for bedtime. You build each routine with the picture stickers, and every step gets its own slider. Your child walks to the fridge, looks at the next picture, goes and does it, then slides it from ✗ to ✓. Nobody is calling out the list from the kitchen, because the list is on the fridge and it is theirs to finish.</p><p>Pictures instead of words mean it works for kids who cannot read yet, and nobody has to write anything. All three charts work the same way, so once they learn one routine they already know how to run the other two. When the last slider moves, the mission is done.</p><p>Every 3-Pack includes three magnetic charts, morning, daily and bedtime, with a slider on every step, plus sheets of picture stickers to build each routine. They go on the fridge, hang on the wall or stand on a desk. No screen, no app and nothing to charge. Contains small parts and magnets. Keep away from children who still put things in their mouths, and supervise use.</p>",Thoson,Routine Chart Set,"Best Sellers, Big Kids Ages 5+, Preschool Toys Ages 3-5",TRUE,Title,Default Title,,,,,MISSION,0,shopify,0,deny,manual,29.00,39.00,TRUE,TRUE,,https://cdn.shopify.com/s/files/1/0916/9852/8593/files/mission0.png?v=1790774479,1,,FALSE,Thoson Mission™ 3-Pack,"Every Mission 3-Pack comes with three charts: one for the morning, one for the day and one for bedtime. You build each routine with the picture sti",,g,,,active
thoson-mission,,,,,,,,,,,,,,,,,,,,,,,,https://cdn.shopify.com/s/files/1/0916/9852/8593/files/mission1.png?v=1790727389,2,,,,,,,,,
thoson-mission,,,,,,,,,,,,,,,,,,,,,,,,https://cdn.shopify.com/s/files/1/0916/9852/8593/files/mission2.png?v=1790727389,3,,,,,,,,,
thoson-mission,,,,,,,,,,,,,,,,,,,,,,,,https://cdn.shopify.com/s/files/1/0916/9852/8593/files/mission3.png?v=1790727388,4,,,,,,,,,
thoson-mission,,,,,,,,,,,,,,,,,,,,,,,,https://cdn.shopify.com/s/files/1/0916/9852/8593/files/mission4.png?v=1790727388,5,,,,,,,,,
thoson-mission,,,,,,,,,,,,,,,,,,,,,,,,https://cdn.shopify.com/s/files/1/0916/9852/8593/files/composite.png?v=1790727389,6,,,,,,,,,
thoson-readladder,Thoson ReadLadder™,"<p>From first sounds to full sentences, one rung at a time. ReadLadder is a teacher-made set of learn-to-read cards organized into 20 leveled stages.</p><p>Kids climb at their own pace (mastering sounds, then words, then sentences) with wins frequent enough to keep confidence high and eye-rolls low. Screen-free reading practice that sticks.</p><p>Includes the complete 20-stage card set. Recommended for ages 4–8.</p>",Thoson,Learn-to-Read Flash Cards,"Best Sellers, Big Kids Ages 5+",TRUE,Title,Default Title,,,,,READLADDER,0,shopify,100,continue,manual,49.00,,TRUE,TRUE,,https://cdn.shopify.com/s/files/1/0916/9852/8593/files/thoson-readladder-01.png?v=1789972780,1,,FALSE,Thoson ReadLadder™,"From first sounds to full sentences, one rung at a time. ReadLadder is a teacher-made set of learn-to-read cards organized into 20 leveled stages.<",,g,,,active
thoson-readladder,,,,,,,,,,,,,,,,,,,,,,,,https://cdn.shopify.com/s/files/1/0916/9852/8593/files/thoson-readladder-02.png?v=1789972780,2,,,,,,,,,
thoson-skypop™,Thoson SkyPop™,"<p>Push the button, flood the yard with bubbles. SkyPop is an outdoor bubble machine on an adjustable tower (28–47 in) with LED lights and music that turns any backyard into a chase scene.</p><p>Kids run, jump and pop while SkyPop keeps the bubbles coming. USB-C rechargeable with a fillable base, ready for parties, park days and everyday golden hour.</p><p>Includes the bubble tower machine with fillable base. Recommended for ages 3 and up.</p>",Thoson,Bubble Machine,"Best Sellers, Big Kids Ages 5+, Preschool Toys Ages 3-5",TRUE,Title,Default Title,,,,,SKYPOP,0,shopify,100,continue,manual,49.00,79.00,TRUE,TRUE,,https://cdn.shopify.com/s/files/1/0916/9852/8593/files/hf_20260420_184013_b2382585-29be-4a5f-bbe7-8367830af410.png?v=1776710510,1,,FALSE,Thoson SkyPop™,"Push the button, flood the yard with bubbles. SkyPop is an outdoor bubble machine on an adjustable tower (28–47 in) with LED lights and music that ",,g,,,active
thoson-skypop™,,,,,,,,,,,,,,,,,,,,,,,,https://cdn.shopify.com/s/files/1/0916/9852/8593/files/thoson-skypop-01.png?v=1789972803,2,,,,,,,,,
thoson-skypop™,,,,,,,,,,,,,,,,,,,,,,,,https://cdn.shopify.com/s/files/1/0916/9852/8593/files/thoson-skypop-02.png?v=1789972803,3,,,,,,,,,
numbernest-full-pack™,Count Crew - Full Pack™,"<p>Math that lives in their hands, not on a screen. Count Crew turns numbers into things kids can hold, sort, stack and count.</p><p>Through play, kids practice counting, number recognition and early adding, building real number confidence one game at a time. No worksheets, no drills, no screens.</p><p>The Full Pack includes the complete hands-on counting set. Recommended for ages 3 and up.</p>",Thoson,Counting & Math Set,"Best Sellers, Big Kids Ages 5+, Preschool Toys Ages 3-5",TRUE,Title,Default Title,,,,,COUNTCREW,0,shopify,100,continue,manual,49.00,69.00,TRUE,TRUE,,https://cdn.shopify.com/s/files/1/0916/9852/8593/files/71SvbhgSDXL._AC_SL1500.jpg?v=1755129410,1,,FALSE,Count Crew - Full Pack™,"Math that lives in their hands, not on a screen. Count Crew turns numbers into things kids can hold, sort, stack and count.Through play, kid",,g,,,active
numbernest-full-pack™,,,,,,,,,,,,,,,,,,,,,,,,https://cdn.shopify.com/s/files/1/0916/9852/8593/files/71Qs017cIZL._AC_SL1500.jpg?v=1755129410,2,,,,,,,,,
numbernest-full-pack™,,,,,,,,,,,,,,,,,,,,,,,,https://cdn.shopify.com/s/files/1/0916/9852/8593/files/61XZC475uCL._AC_SL1500.jpg?v=1755129410,3,,,,,,,,,
numbernest-full-pack™,,,,,,,,,,,,,,,,,,,,,,,,https://cdn.shopify.com/s/files/1/0916/9852/8593/files/71xHnH55cML._AC_SL1500.jpg?v=1755129410,4,,,,,,,,,
numbernest-full-pack™,,,,,,,,,,,,,,,,,,,,,,,,https://cdn.shopify.com/s/files/1/0916/9852/8593/files/711ULpG8JXL._AC_SL1500.jpg?v=1755129410,5,,,,,,,,,
numbernest-full-pack™,,,,,,,,,,,,,,,,,,,,,,,,https://cdn.shopify.com/s/files/1/0916/9852/8593/files/71RMZQa-iZL._AC_SL1500.jpg?v=1755129410,6,,,,,,,,,
numbernest-full-pack™,,,,,,,,,,,,,,,,,,,,,,,,https://cdn.shopify.com/s/files/1/0916/9852/8593/files/717ouYsCK3L._AC_SL1500.jpg?v=1755129410,7,,,,,,,,,
wonder-magic-art-full-pack,Magic Art - Full Pack™,"<p>All the painting, none of the mess. Magic Art pairs special reactive paper with an interactive brush, so color appears only on the page, never on hands, walls or the sofa.</p><p>Kids color and paint independently at home or on the road while parents skip the cleanup. Every finished sheet builds creativity, focus and pride, completely screen-free.</p><p>The Full Pack includes the Magic Art brush and special no-mess paper. Great for ages 3 and up, and it pairs with the 50-sheet refill pack for marathon little artists.</p>",Thoson,Mess-Free Coloring Set,"Best Sellers, Preschool Toys Ages 3-5",TRUE,Title,Default Title,,,,,MAGIC01,0,shopify,100,continue,manual,69.00,99.00,TRUE,TRUE,,https://cdn.shopify.com/s/files/1/0916/9852/8593/files/GUEST_bf30f02f-0791-4dd8-bb23-28c8268b2370.webp?v=1744071080,1,,FALSE,Magic Art - Full Pack™,"All the painting, none of the mess. Magic Art pairs special reactive paper with an interactive brush, so color appears only on the page, never on h",,g,,,active
wonder-magic-art-full-pack,,,,,,,,,,,,,,,,,,,,,,,,https://cdn.shopify.com/s/files/1/0916/9852/8593/files/5ab98f16-6076-4978-b0f7-e69bef8fb96e.36d66c759adf0f4b708563ea9c2ab6a8_b4ac8193-9d55-46a2-a94d-075a4c2a8efa.webp?v=1744071110,2,,,,,,,,,
wonder-magic-art-full-pack,,,,,,,,,,,,,,,,,,,,,,,,https://cdn.shopify.com/s/files/1/0916/9852/8593/files/thoson-wonder-magic-art-full-pack-01.png?v=1789972889,3,,,,,,,,,
thoson-apex,Thoson Apex™,"<p>Press one button and a T-Rex walks out across the floor, head swinging and claws reaching, roaring loud enough to make the dog leave the room. Press another and a cloud of cool mist rolls out of it while seven LED colors light that cloud up red, then blue, then green.</p><p>Apex walks forward, turns where your child steers it, roars, plays music and breathes on command. There is no app and nothing to pair, so most kids have the whole controller figured out in the first two minutes and never hand it back. Four things to do instead of one is the reason it is still in the middle of the living room floor a month later instead of at the bottom of the toy bin.</p><p>Includes the remote control T-Rex and its remote. Fill the built-in tank with plain water for the mist. Batteries for the dinosaur and the remote are not included, so pick up a set before a birthday or a Christmas morning. Recommended for ages 3 and up. Contains small parts, so please keep away from children under 3 and supervise play.</p>",Thoson,Remote Control Toy,"Best Sellers, Big Kids Ages 5+, Preschool Toys Ages 3-5",TRUE,Title,Default Title,,,,,APEX,0,shopify,100,continue,manual,69.00,119.00,TRUE,TRUE,,https://cdn.shopify.com/s/files/1/0916/9852/8593/files/hf_20260903_202033_b54d8bcc-af19-4560-b794-18f815dff7ec.png?v=1788467392,1,,FALSE,Thoson Apex™,"Press one button and a T-Rex walks out across the floor, head swinging and claws reaching, roaring loud enough to make the dog leave the room. Pres",,g,,,active
thoson-apex,,,,,,,,,,,,,,,,,,,,,,,,https://cdn.shopify.com/s/files/1/0916/9852/8593/files/hf_20260903_202100_0c5155c2-d5ca-45a0-8b3f-6afef96a0e46.png?v=1788467392,2,,,,,,,,,
thoson-apex,,,,,,,,,,,,,,,,,,,,,,,,https://cdn.shopify.com/s/files/1/0916/9852/8593/files/hf_20260903_202100_069edaf8-2376-413f-b28f-f779e555740f.png?v=1788467393,3,,,,,,,,,
thoson-apex,,,,,,,,,,,,,,,,,,,,,,,,https://cdn.shopify.com/s/files/1/0916/9852/8593/files/hf_20260903_202719_497b5a7c-cfc9-459d-82ac-cda52481f386.png?v=1788467407,4,,,,,,,,,
thoson-apex,,,,,,,,,,,,,,,,,,,,,,,,https://cdn.shopify.com/s/files/1/0916/9852/8593/files/hf_20260903_203125_13f6c31f-7158-4cd8-96b8-e80ce3da4919.png?v=1788467665,5,,,,,,,,,
thoson-run,Thoson Run™,"<p>Load a stack of tiles into one of the two trays, clip it onto the train and push the green switch. The train drives forward and sets the tiles down in a spaced row behind it, which is the one part of building a domino run that small hands cannot do. Your child decides where the row goes, and when it is ready, taps the first tile and the whole thing falls.</p><p>The red switch flips the train's direction, so a row can turn a corner instead of only running straight, and the cactus spinner drops into the middle of a row to throw the reaction off sideways. Two loading trays mean the second one gets filled while the first is still running, so the row keeps growing across the room instead of stopping every twenty tiles. With the train switched off, the 200 tiles are simply building blocks: towers, letters, numbers, whatever your child is picturing.</p><p>Includes the train with lights and sound effects, 200 ABS tiles in three colors, two loading trays and one cactus spinner. It needs a hard flat surface to lay a clean row, so wood, tile or a table top rather than carpet. Takes two AA batteries that are not included, so grab a set before a birthday or a holiday morning. Recommended for ages 4 and up. Contains 200 small tiles, so please keep away from children under 4 and supervise play.</p>",Thoson,Domino Train Set,"Best Sellers, Big Kids Ages 5+, Preschool Toys Ages 3-5",TRUE,Title,Default Title,,,,,RUN,0,shopify,100,continue,manual,49.00,,TRUE,TRUE,,https://cdn.shopify.com/s/files/1/0916/9852/8593/files/81C9-rNwEBL._AC_SL1500.avif?v=1789240802,1,,FALSE,Thoson Run™,"Load a stack of tiles into one of the two trays, clip it onto the train and push the green switch. The train drives forward and sets the tiles down",,g,,,active
thoson-run,,,,,,,,,,,,,,,,,,,,,,,,https://cdn.shopify.com/s/files/1/0916/9852/8593/files/hf_20260912_162113_23014e3d-7a6d-41c0-ab82-ee1c97458488.png?v=1789240817,2,,,,,,,,,
thoson-run,,,,,,,,,,,,,,,,,,,,,,,,https://cdn.shopify.com/s/files/1/0916/9852/8593/files/hf_20260912_162032_0c930115-ec8d-484c-b16d-4cc40da48ad5.png?v=1789240817,3,,,,,,,,,
thoson-blitz,Thoson Blitz™,"<p>Bubbles light up at random and your child has to press them down before the timer runs out. Clear the round, flip it over, push the raised cover on the back, and the next level starts faster than the last one.</p><p>Hit the mode switch and the game changes completely. Now the lights show a pattern and they have to press it back in the right order, one longer every round. And unlike most light-up toys in this category, there is a sound button on the front, so you can turn it down in the car, off at the restaurant, or all the way up in the backyard without stopping the game.</p><p>Choose Blue Cat, Pink Rabbit or Yellow Deer. The body is ABS with soft silicone bubbles, sized to sit in one hand and wipe clean. Batteries are not included, so pick up a set before a birthday or a trip. Contains small parts and a battery compartment, so keep it away from children who still put things in their mouths, and supervise play.</p>",Thoson,Handheld Electronic Game,"Best Sellers, Big Kids Ages 5+, Preschool Toys Ages 3-5, Toddler Toys Ages 1-3",TRUE,Character,Blue Cat,,,,,BLITZ-CAT,0,shopify,0,deny,manual,29.00,,TRUE,TRUE,,https://cdn.shopify.com/s/files/1/0916/9852/8593/files/hf_20260903_180411_74154205-a821-4f73-b05b-fb9bc598ab52.png?v=1788466992,1,,FALSE,Thoson Blitz™,"Bubbles light up at random and your child has to press them down before the timer runs out. Clear the round, flip it over, push the raised cover on",,g,,,active
thoson-blitz,,,,,,,Character,Pink Rabbit,,,,,BLITZ-RABBIT,0,shopify,0,deny,manual,29.00,,TRUE,TRUE,,https://cdn.shopify.com/s/files/1/0916/9852/8593/files/hf_20260903_201624_66a74ef6-c169-43f4-8f28-b4aeb44629fd.png?v=1788466992,2,,,,,,g,,,
thoson-blitz,,,,,,,Character,Yellow Deer,,,,,BLITZ-DEER,0,shopify,0,deny,manual,29.00,,TRUE,TRUE,,https://cdn.shopify.com/s/files/1/0916/9852/8593/files/hf_20260903_201716_85a3c089-fc69-459c-be27-aa83e122c355.png?v=1788466992,3,,,,,,g,,,
thoson-blitz,,,,,,,,,,,,,,,,,,,,,,,,https://cdn.shopify.com/s/files/1/0916/9852/8593/files/hf_20260903_201845_4f9a04a0-8134-44ee-90b4-3a7263d29ddd.png?v=1788466992,4,,,,,,,,,
thoson-squishy-advent,Thoson Squishy Advent™,"<p>Starting the first of December, your child opens one numbered door before school and pulls out a soft little dumpling character in a Santa hat or a set of antlers. A chocolate calendar is gone thirty seconds after the door opens, and by the tenth it is just sugar on an empty stomach. This one leaves something behind every single morning.</p>
<p>All twenty four are different, with no repeats and no filler days, so the one on the nineteenth is as interesting as the one on the second. They are made to be squeezed, which is why they do not stay in the box: they end up in coat pockets on the way to school, next to the homework, and in a hand on a long drive. The calendar is the December part. The characters are the rest of the year.</p>",Thoson,Advent Calendar,Big Kids Ages 5+,TRUE,Title,Default Title,,,,,SQUISHY-ADVENT,430,shopify,0,deny,manual,29.00,49.00,TRUE,TRUE,,https://cdn.shopify.com/s/files/1/0916/9852/8593/files/thoson-squishy-advent-01.png?v=1789972844,1,,FALSE,Thoson Squishy Advent™,"Starting the first of December, your child opens one numbered door before school and pulls out a soft little dumpling character in a Santa hat or a",,g,,,active
thoson-squishy-advent,,,,,,,,,,,,,,,,,,,,,,,,https://cdn.shopify.com/s/files/1/0916/9852/8593/files/hf_20260913_141724_1654ce8b-ef0b-45cc-85ca-bd9469763a5a.png?v=1789310683,2,,,,,,,,,
thoson-squishy-advent,,,,,,,,,,,,,,,,,,,,,,,,https://cdn.shopify.com/s/files/1/0916/9852/8593/files/hf_20260913_141758_21869145-6586-4f1c-9d16-e413e74385e5.png?v=1789310683,3,,,,,,,,,
thoson-squishy-advent,,,,,,,,,,,,,,,,,,,,,,,,https://cdn.shopify.com/s/files/1/0916/9852/8593/files/hf_20260913_142941_44f1bfff-1106-4d76-ae54-a7b82be4fd8d.png?v=1789310683,4,,,,,,,,,
thoson-squishy-advent,,,,,,,,,,,,,,,,,,,,,,,,https://cdn.shopify.com/s/files/1/0916/9852/8593/files/hf_20260913_143016_d87c68c4-8793-48e8-9084-6359c3cf0272.png?v=1789310683,5,,,,,,,,,